Variable / Field Name,Form Name,Section Header,Field Type,Field Label,"Choices, Calculations, OR Slider Labels",Field Note,Text Validation Type OR Show Slider Number,Text Validation Min,Text Validation Max,Identifier?,Branching Logic (Show field only if...),Required Field?,Custom Alignment,Question Number (surveys only),Matrix Group Name,Matrix Ranking?,Field Annotation
homer_id,patient_demographics,,text,Record ID (HOMER ID),,,,,,y,,,,,,,
hospital_id,patient_demographics,,text,Hospital ID,,,,,,y,,,,,,,
assessor_name,patient_demographics,,text,Name of Assessor,,,,,,,,,,,,,
date_of_assessment,patient_demographics,,text,Date of Assessment,,,date_ymd,,,,,,,,,,
address,patient_demographics,,notes,Address,,,,,,,,,,,,,
referred_doctor,patient_demographics,,text,Referred Doctor,,,,,,,,,,,,,
age_years,patient_demographics,,text,Age in years,,,int,,,,,,,,,,
sex,patient_demographics,,radio,Sex,"1, Male | 2, Female | 3, Others",,,,,,,,,,,,
marital_status,patient_demographics,,radio,Marital status,"1, Single | 2, Married | 3, Others",,,,,,,,,,,,
primary_language,patient_demographics,,radio,Primary Language,"1, English | 2, Kannada | 3, Tamil | 4, Telugu | 5, Hindi | 6, Punjabi",,,,,,,,,,,,
ethnicity,patient_demographics,,text,Ethnicity,,,,,,,,,,,,,
education_level,patient_demographics,,dropdown,Education level,"1, Primary | 2, Secondary | 3, Higher Secondary | 4, Graduate | 5, Post Graduate | 6, Others",,,,,,,,,,,,
hand_dominance,patient_demographics,,radio,Hand dominance,"1, Right | 2, Left",,,,,,,,,,,,
occupation_status,patient_demographics,,radio,Occupation status,"1, Employed | 2, Unemployed | 3, Retired",,,,,,,,,,,,
comorbidities,patient_demographics,,notes,Comorbidities,,Add kind as note,,,,,,,,,,,
premorbid_living_arrangements,patient_demographics,,radio,Premorbid living arrangements,"1, Living alone | 2, Living at home/supported accommodation",,,,,,,,,,,,
premorbid_walking_status,patient_demographics,,radio,Premorbid walking status,"1, Independent with/without gait aid | 2, With assistance | 3, Unable to commute",,,,,,,,,,,,
active_hand_movement_onset,patient_demographics,,radio,Active hand movement at stroke onset?,"1, Yes | 2, No",,,,,,,,,,,,
walking_independent_onset,patient_demographics,,radio,Ability to walk independently at stroke onset?,"1, Yes | 2, No",,,,,,,,,,,,
stroke_severity_nihss,patient_demographics,,text,Stroke severity (NIHSS score),,,number,,,,,,,,,,
time_since_stroke,patient_demographics,,text,Time since stroke / Stroke duration,,,,,,,,,,,,,
stroke_type,patient_demographics,,radio,Stroke type,"1, Ischemic | 2, Haemorrhagic | 3, Ischemia with haemorrhagic transformation",,,,,,,,,,,,
stroke_subtype,patient_demographics,,radio,Stroke subtype,"1, Lacunar | 2, Large artery | 3, Other | 4, Undetermined",,,,,,,,,,,,
stroke_location,patient_demographics,,radio,Stroke location,"1, Cortical | 2, Subcortical",,,,,,,,,,,,
affected_cerebral_hemisphere,patient_demographics,,radio,Affected cerebral hemisphere,"1, Right | 2, Left",,,,,,,,,,,,
hemiparetic_side,patient_demographics,,radio,Hemiparetic/hemiplegic side,"1, Right | 2, Left | 3, Bilateral",,,,,,,,,,,,
thrombolysis_reperfusion,patient_demographics,,radio,Thrombolysis/ reperfusion therapy,"1, Yes | 2, No",,,,,,,,,,,,
imaging,patient_demographics,,radio,Imaging,"1, CT | 2, MRI | 3, Other",,,,,,,,,,,,
medications,patient_demographics,,notes,Medications,,,,,,,,,,,,,
aphasia,patient_demographics,,radio,Aphasia,"1, Present - Broca’s | 2, Present - Wernicke’s | 3, Present - Global | 4, Present - Others | 5, Absent",,,,,,,,,,,,
fss_header,fatigue_severity_scale,FATIGUE SEVERITY SCALE (FSS),descriptive,"Please circle the number between 1 and 7 which you feel best fits the following statements. This refers to your usual way of life within the last week.<br><b>1 indicates ""strongly disagree"" and 7 indicates ""strongly agree.""</b>",,,,,,,,,,,,,
fss_1_motivation,fatigue_severity_scale,,radio,1. My motivation is lower when I am fatigued.,"1, 1 - Strongly Disagree | 2, 2 | 3, 3 | 4, 4 | 5, 5 | 6, 6 | 7, 7 - Strongly Agree",,,,,,,,,,,,
fss_2_exercise,fatigue_severity_scale,,radio,2. Exercise brings on my fatigue.,"1, 1 - Strongly Disagree | 2, 2 | 3, 3 | 4, 4 | 5, 5 | 6, 6 | 7, 7 - Strongly Agree",,,,,,,,,,,,
fss_3_easily,fatigue_severity_scale,,radio,3. I am easily fatigued.,"1, 1 - Strongly Disagree | 2, 2 | 3, 3 | 4, 4 | 5, 5 | 6, 6 | 7, 7 - Strongly Agree",,,,,,,,,,,,
fss_4_physical,fatigue_severity_scale,,radio,4. Fatigue interferes with my physical functioning.,"1, 1 - Strongly Disagree | 2, 2 | 3, 3 | 4, 4 | 5, 5 | 6, 6 | 7, 7 - Strongly Agree",,,,,,,,,,,,
fss_5_problems,fatigue_severity_scale,,radio,5. Fatigue causes frequent problems for me.,"1, 1 - Strongly Disagree | 2, 2 | 3, 3 | 4, 4 | 5, 5 | 6, 6 | 7, 7 - Strongly Agree",,,,,,,,,,,,
fss_6_sustained,fatigue_severity_scale,,radio,6. My fatigue prevents sustained physical functioning.,"1, 1 - Strongly Disagree | 2, 2 | 3, 3 | 4, 4 | 5, 5 | 6, 6 | 7, 7 - Strongly Agree",,,,,,,,,,,,
fss_7_duties,fatigue_severity_scale,,radio,7. Fatigue interferes with carrying out certain duties and responsibilities.,"1, 1 - Strongly Disagree | 2, 2 | 3, 3 | 4, 4 | 5, 5 | 6, 6 | 7, 7 - Strongly Agree",,,,,,,,,,,,
fss_8_disabling,fatigue_severity_scale,,radio,8. Fatigue is among my most disabling symptoms.,"1, 1 - Strongly Disagree | 2, 2 | 3, 3 | 4, 4 | 5, 5 | 6, 6 | 7, 7 - Strongly Agree",,,,,,,,,,,,
fss_9_social,fatigue_severity_scale,,radio,"9. Fatigue interferes with my work, family, or social life.","1, 1 - Strongly Disagree | 2, 2 | 3, 3 | 4, 4 | 5, 5 | 6, 6 | 7, 7 - Strongly Agree",,,,,,,,,,,,
fss_mean_score,fatigue_severity_scale,,calc,FSS Mean Score (Average of 9 items),([fss_1_motivation]+[fss_2_exercise]+[fss_3_easily]+[fss_4_physical]+[fss_5_problems]+[fss_6_sustained]+[fss_7_duties]+[fss_8_disabling]+[fss_9_social]) / 9,,,,,,,,,,,,
vafs_header,fatigue_severity_scale,VISUAL ANALOGUE FATIGUE SCALE (VAFS),descriptive,"Please mark an ""X"" on the number line which describes your global fatigue with 0 being worst and 10 being normal.",,,,,,,,,,,,,
vafs_score,fatigue_severity_scale,,radio,"Global Fatigue (0 = Worst, 10 = Normal)","0, 0 - Worst | 1, 1 | 2, 2 | 3, 3 | 4, 4 | 5, 5 | 6, 6 | 7, 7 | 8, 8 | 9, 9 | 10, 10 - Normal",,,,,,,,,RH,,,
sipso_header,sipso_questionnaire,Subjective Index of Physical and Social Outcome (SIPSO),descriptive,Please answer all questions based on your experience since your stroke.,,,,,,,,,,,,,
sipso_1_dress,sipso_questionnaire,,radio,"1. Since your stroke, how much difficulty do you have dressing yourself fully?","4, No difficulty at all | 3, Slight difficulty | 2, Some difficulty | 1, A lot of difficulty | 0, I cannot dress myself fully",,,,,,,,,,,,
sipso_2_move_home,sipso_questionnaire,,radio,"2. Since your stroke, how much difficulty do you have moving around all areas of the home?","4, No difficulty at all | 3, Slight difficulty | 2, Some difficulty | 1, A lot of difficulty | 0, I cannot move around all areas of the home",,,,,,,,,,,,
sipso_3_satisfaction,sipso_questionnaire,,radio,"3. Since your stroke, how satisfied are you with your overall ability to perform daily activities in and around the home?","4, Completely satisfied | 3, Mostly satisfied | 2, Fairly satisfied | 1, Not very satisfied | 0, Completely dissatisfied",,,,,,,,,,,,
sipso_4_shop,sipso_questionnaire,,radio,"4. Since your stroke, how much difficulty do you have shopping for and carrying a few items (1 bag of shopping or less) when at the shops?","4, No difficulty at all | 3, Slight difficulty | 2, Some difficulty | 1, A lot of difficulty | 0, I cannot shop for and carry a few items",,,,,,,,,,,,
sipso_5_indep_neigh,sipso_questionnaire,,radio,"5. Since your stroke, how independent are you in your ability to move around your local neighbourhood?","4, I am completely independent | 3, I prefer to have someone else with me | 2, I need occasional assistance from someone | 1, I need assistance much of the time | 0, I am completely dependent on others",,,,,,,,,,,,
sipso_sub_physical,sipso_questionnaire,,calc,Physical Integration Subscore (Items 1-5),[sipso_1_dress]+[sipso_2_move_home]+[sipso_3_satisfaction]+[sipso_4_shop]+[sipso_5_indep_neigh],,,,,,,,,,,,
sipso_6_bored,sipso_questionnaire,,radio,"6. Since your stroke, how often do you feel bored with your free time at home?","4, I am never bored with my free time | 3, A little of my free time | 2, Some of my free time | 1, Most of my free time | 0, All of my free time",,,,,,,,,,,,
sipso_7_comm,sipso_questionnaire,,radio,"7. Since your stroke, how would you describe the amount of communication between you and your friends/associates?","4, A great deal | 3, Quite a lot | 2, Some | 1, A little bit | 0, None",,,,,,,,,,,,
sipso_8_social_sat,sipso_questionnaire,,radio,"8. Since your stroke, how satisfied are you with the level of interests and activities you share with your friends/associates?","4, Completely satisfied | 3, Mostly satisfied | 2, Fairly satisfied | 1, Not very satisfied | 0, Completely dissatisfied",,,,,,,,,,,,
sipso_9_visit,sipso_questionnaire,,radio,"9. Since your stroke, how often do you visit friends/others?","4, Most days | 3, At least once a week | 2, At least once a fortnight | 1, Once a month or less | 0, Never",,,,,,,,,,,,
sipso_10_appearance,sipso_questionnaire,,radio,"10. Since your stroke, how do you feel about your appearance when out in public?","4, Perfectly happy | 3, Slightly self-conscious | 2, Fairly self-conscious | 1, Very self-conscious | 0, I try to avoid going out in public",,,,,,,,,,,,
sipso_sub_social,sipso_questionnaire,,calc,Social Integration Subscore (Items 6-10),[sipso_6_bored]+[sipso_7_comm]+[sipso_8_social_sat]+[sipso_9_visit]+[sipso_10_appearance],,,,,,,,,,,,
sipso_total_score,sipso_questionnaire,,calc,Total SIPSO Score (Max 40),[sipso_sub_physical]+[sipso_sub_social],,,,,,,,,,,,
arat_scoring_info,action_research_arm_test,SCORING SCALE,descriptive,<b>0</b> - Can perform no part of the test<br><b>1</b> - Test partially performed<br><b>2</b> - Test completed but takes abnormally long time or involves great difficulty<br><b>3</b> - Performs test normally,,,,,,,,,,,,,
arat_grasp_table,action_research_arm_test,GRASP,descriptive,<table border='1' style='width:100%; border-collapse: collapse; table-layout: fixed;'><tr style='background-color: #f2f2f2;'><th style='width:40%; padding: 5px;'>Item</th><th style='width:30%; padding: 5px;'>Left Score</th><th style='width:30%; padding: 5px;'>Right Score</th></tr><tr><td style='padding: 5px;'>1. Block 10cm (Wood)</td><td style='padding: 5px;'>{arat_grasp_1_l}</td><td style='padding: 5px;'>{arat_grasp_1_r}</td></tr><tr><td style='padding: 5px;'>2. Block 2.5cm (Wood)</td><td style='padding: 5px;'>{arat_grasp_2_l}</td><td style='padding: 5px;'>{arat_grasp_2_r}</td></tr><tr><td style='padding: 5px;'>3. Block 5cm (Wood)</td><td style='padding: 5px;'>{arat_grasp_3_l}</td><td style='padding: 5px;'>{arat_grasp_3_r}</td></tr><tr><td style='padding: 5px;'>4. Block 7.5cm (Wood)</td><td style='padding: 5px;'>{arat_grasp_4_l}</td><td style='padding: 5px;'>{arat_grasp_4_r}</td></tr><tr><td style='padding: 5px;'>5. Cricket Ball</td><td style='padding: 5px;'>{arat_grasp_5_l}</td><td style='padding: 5px;'>{arat_grasp_5_r}</td></tr><tr><td style='padding: 5px;'>6. Stone</td><td style='padding: 5px;'>{arat_grasp_6_l}</td><td style='padding: 5px;'>{arat_grasp_6_r}</td></tr></table>,,,,,,,,,,,,,
arat_grasp_1_l,action_research_arm_test,,radio,Grasp 1 Left,"0, 0 | 1, 1 | 2, 2 | 3, 3",,,,,,,,LH,,,,
arat_grasp_1_r,action_research_arm_test,,radio,Grasp 1 Right,"0, 0 | 1, 1 | 2, 2 | 3, 3",,,,,,,,LH,,,,
arat_grasp_2_l,action_research_arm_test,,radio,Grasp 2 Left,"0, 0 | 1, 1 | 2, 2 | 3, 3",,,,,,,,LH,,,,
arat_grasp_2_r,action_research_arm_test,,radio,Grasp 2 Right,"0, 0 | 1, 1 | 2, 2 | 3, 3",,,,,,,,LH,,,,
arat_grasp_3_l,action_research_arm_test,,radio,Grasp 3 Left,"0, 0 | 1, 1 | 2, 2 | 3, 3",,,,,,,,LH,,,,
arat_grasp_3_r,action_research_arm_test,,radio,Grasp 3 Right,"0, 0 | 1, 1 | 2, 2 | 3, 3",,,,,,,,LH,,,,
arat_grasp_4_l,action_research_arm_test,,radio,Grasp 4 Left,"0, 0 | 1, 1 | 2, 2 | 3, 3",,,,,,,,LH,,,,
arat_grasp_4_r,action_research_arm_test,,radio,Grasp 4 Right,"0, 0 | 1, 1 | 2, 2 | 3, 3",,,,,,,,LH,,,,
arat_grasp_5_l,action_research_arm_test,,radio,Grasp 5 Left,"0, 0 | 1, 1 | 2, 2 | 3, 3",,,,,,,,LH,,,,
arat_grasp_5_r,action_research_arm_test,,radio,Grasp 5 Right,"0, 0 | 1, 1 | 2, 2 | 3, 3",,,,,,,,LH,,,,
arat_grasp_6_l,action_research_arm_test,,radio,Grasp 6 Left,"0, 0 | 1, 1 | 2, 2 | 3, 3",,,,,,,,LH,,,,
arat_grasp_6_r,action_research_arm_test,,radio,Grasp 6 Right,"0, 0 | 1, 1 | 2, 2 | 3, 3",,,,,,,,LH,,,,
arat_sub_grasp_l,action_research_arm_test,,calc,Subtotal Grasp LEFT,[arat_grasp_1_l]+[arat_grasp_2_l]+[arat_grasp_3_l]+[arat_grasp_4_l]+[arat_grasp_5_l]+[arat_grasp_6_l],,,,,,,,,,,,
arat_sub_grasp_r,action_research_arm_test,,calc,Subtotal Grasp RIGHT,[arat_grasp_1_r]+[arat_grasp_2_r]+[arat_grasp_3_r]+[arat_grasp_4_r]+[arat_grasp_5_r]+[arat_grasp_6_r],,,,,,,,,,,,
arat_grip_table,action_research_arm_test,GRIP,descriptive,<table border='1' style='width:100%; border-collapse: collapse; table-layout: fixed;'><tr style='background-color: #f2f2f2;'><th style='width:40%; padding: 5px;'>Item</th><th style='width:30%; padding: 5px;'>Left Score</th><th style='width:30%; padding: 5px;'>Right Score</th></tr><tr><td style='padding: 5px;'>7. Pour water (cup to cup)</td><td style='padding: 5px;'>{arat_grip_7_l}</td><td style='padding: 5px;'>{arat_grip_7_r}</td></tr><tr><td style='padding: 5px;'>8. Tube 2.25cm</td><td style='padding: 5px;'>{arat_grip_8_l}</td><td style='padding: 5px;'>{arat_grip_8_r}</td></tr><tr><td style='padding: 5px;'>9. Tube 1cm</td><td style='padding: 5px;'>{arat_grip_9_l}</td><td style='padding: 5px;'>{arat_grip_9_r}</td></tr><tr><td style='padding: 5px;'>10. Washer over bolt</td><td style='padding: 5px;'>{arat_grip_10_l}</td><td style='padding: 5px;'>{arat_grip_10_r}</td></tr></table>,,,,,,,,,,,,,
arat_grip_7_l,action_research_arm_test,,radio,Grip 7 Left,"0, 0 | 1, 1 | 2, 2 | 3, 3",,,,,,,,LH,,,,
arat_grip_7_r,action_research_arm_test,,radio,Grip 7 Right,"0, 0 | 1, 1 | 2, 2 | 3, 3",,,,,,,,LH,,,,
arat_grip_8_l,action_research_arm_test,,radio,Grip 8 Left,"0, 0 | 1, 1 | 2, 2 | 3, 3",,,,,,,,LH,,,,
arat_grip_8_r,action_research_arm_test,,radio,Grip 8 Right,"0, 0 | 1, 1 | 2, 2 | 3, 3",,,,,,,,LH,,,,
arat_grip_9_l,action_research_arm_test,,radio,Grip 9 Left,"0, 0 | 1, 1 | 2, 2 | 3, 3",,,,,,,,LH,,,,
arat_grip_9_r,action_research_arm_test,,radio,Grip 9 Right,"0, 0 | 1, 1 | 2, 2 | 3, 3",,,,,,,,LH,,,,
arat_grip_10_l,action_research_arm_test,,radio,Grip 10 Left,"0, 0 | 1, 1 | 2, 2 | 3, 3",,,,,,,,LH,,,,
arat_grip_10_r,action_research_arm_test,,radio,Grip 10 Right,"0, 0 | 1, 1 | 2, 2 | 3, 3",,,,,,,,LH,,,,
arat_sub_grip_l,action_research_arm_test,,calc,Subtotal Grip LEFT,[arat_grip_7_l]+[arat_grip_8_l]+[arat_grip_9_l]+[arat_grip_10_l],,,,,,,,,,,,
arat_sub_grip_r,action_research_arm_test,,calc,Subtotal Grip RIGHT,[arat_grip_7_r]+[arat_grip_8_r]+[arat_grip_9_r]+[arat_grip_10_r],,,,,,,,,,,,
arat_pinch_table,action_research_arm_test,PINCH,descriptive,<table border='1' style='width:100%; border-collapse: collapse; table-layout: fixed;'><tr style='background-color: #f2f2f2;'><th style='width:40%; padding: 5px;'>Item</th><th style='width:30%; padding: 5px;'>Left Score</th><th style='width:30%; padding: 5px;'>Right Score</th></tr><tr><td style='padding: 5px;'>11. Ball bearing 10mm (thumb/idx)</td><td style='padding: 5px;'>{arat_pinch_11_l}</td><td style='padding: 5px;'>{arat_pinch_11_r}</td></tr><tr><td style='padding: 5px;'>12. Marble 15mm (thumb/idx)</td><td style='padding: 5px;'>{arat_pinch_12_l}</td><td style='padding: 5px;'>{arat_pinch_12_r}</td></tr><tr><td style='padding: 5px;'>13. Ball bearing 10mm (thumb/mid)</td><td style='padding: 5px;'>{arat_pinch_13_l}</td><td style='padding: 5px;'>{arat_pinch_13_r}</td></tr><tr><td style='padding: 5px;'>14. Ball bearing 10mm (thumb/ring)</td><td style='padding: 5px;'>{arat_pinch_14_l}</td><td style='padding: 5px;'>{arat_pinch_14_r}</td></tr><tr><td style='padding: 5px;'>15. Marble 15mm (thumb/ring)</td><td style='padding: 5px;'>{arat_pinch_15_l}</td><td style='padding: 5px;'>{arat_pinch_15_r}</td></tr><tr><td style='padding: 5px;'>16. Ball bearing 10mm (thumb/little)</td><td style='padding: 5px;'>{arat_pinch_16_l}</td><td style='padding: 5px;'>{arat_pinch_16_r}</td></tr></table>,,,,,,,,,,,,,
arat_pinch_11_l,action_research_arm_test,,radio,Pinch 11 Left,"0, 0 | 1, 1 | 2, 2 | 3, 3",,,,,,,,LH,,,,
arat_pinch_11_r,action_research_arm_test,,radio,Pinch 11 Right,"0, 0 | 1, 1 | 2, 2 | 3, 3",,,,,,,,LH,,,,
arat_pinch_12_l,action_research_arm_test,,radio,Pinch 12 Left,"0, 0 | 1, 1 | 2, 2 | 3, 3",,,,,,,,LH,,,,
arat_pinch_12_r,action_research_arm_test,,radio,Pinch 12 Right,"0, 0 | 1, 1 | 2, 2 | 3, 3",,,,,,,,LH,,,,
arat_pinch_13_l,action_research_arm_test,,radio,Pinch 13 Left,"0, 0 | 1, 1 | 2, 2 | 3, 3",,,,,,,,LH,,,,
arat_pinch_13_r,action_research_arm_test,,radio,Pinch 13 Right,"0, 0 | 1, 1 | 2, 2 | 3, 3",,,,,,,,LH,,,,
arat_pinch_14_l,action_research_arm_test,,radio,Pinch 14 Left,"0, 0 | 1, 1 | 2, 2 | 3, 3",,,,,,,,LH,,,,
arat_pinch_14_r,action_research_arm_test,,radio,Pinch 14 Right,"0, 0 | 1, 1 | 2, 2 | 3, 3",,,,,,,,LH,,,,
arat_pinch_15_l,action_research_arm_test,,radio,Pinch 15 Left,"0, 0 | 1, 1 | 2, 2 | 3, 3",,,,,,,,LH,,,,
arat_pinch_15_r,action_research_arm_test,,radio,Pinch 15 Right,"0, 0 | 1, 1 | 2, 2 | 3, 3",,,,,,,,LH,,,,
arat_pinch_16_l,action_research_arm_test,,radio,Pinch 16 Left,"0, 0 | 1, 1 | 2, 2 | 3, 3",,,,,,,,LH,,,,
arat_pinch_16_r,action_research_arm_test,,radio,Pinch 16 Right,"0, 0 | 1, 1 | 2, 2 | 3, 3",,,,,,,,LH,,,,
arat_sub_pinch_l,action_research_arm_test,,calc,Subtotal Pinch LEFT,[arat_pinch_11_l]+[arat_pinch_12_l]+[arat_pinch_13_l]+[arat_pinch_14_l]+[arat_pinch_15_l]+[arat_pinch_16_l],,,,,,,,,,,,
arat_sub_pinch_r,action_research_arm_test,,calc,Subtotal Pinch RIGHT,[arat_pinch_11_r]+[arat_pinch_12_r]+[arat_pinch_13_r]+[arat_pinch_14_r]+[arat_pinch_15_r]+[arat_pinch_16_r],,,,,,,,,,,,
arat_gross_table,action_research_arm_test,GROSS MOVEMENT,descriptive,<table border='1' style='width:100%; border-collapse: collapse; table-layout: fixed;'><tr style='background-color: #f2f2f2;'><th style='width:40%; padding: 5px;'>Item</th><th style='width:30%; padding: 5px;'>Left Score</th><th style='width:30%; padding: 5px;'>Right Score</th></tr><tr><td style='padding: 5px;'>17. Hand to top of head</td><td style='padding: 5px;'>{arat_gross_17_l}</td><td style='padding: 5px;'>{arat_gross_17_r}</td></tr><tr><td style='padding: 5px;'>18. Hand to mouth</td><td style='padding: 5px;'>{arat_gross_18_l}</td><td style='padding: 5px;'>{arat_gross_18_r}</td></tr><tr><td style='padding: 5px;'>19. Hand to back of head</td><td style='padding: 5px;'>{arat_gross_19_l}</td><td style='padding: 5px;'>{arat_gross_19_r}</td></tr></table>,,,,,,,,,,,,,
arat_gross_17_l,action_research_arm_test,,radio,Gross 17 Left,"0, 0 | 1, 1 | 2, 2 | 3, 3",,,,,,,,LH,,,,
arat_gross_17_r,action_research_arm_test,,radio,Gross 17 Right,"0, 0 | 1, 1 | 2, 2 | 3, 3",,,,,,,,LH,,,,
arat_gross_18_l,action_research_arm_test,,radio,Gross 18 Left,"0, 0 | 1, 1 | 2, 2 | 3, 3",,,,,,,,LH,,,,
arat_gross_18_r,action_research_arm_test,,radio,Gross 18 Right,"0, 0 | 1, 1 | 2, 2 | 3, 3",,,,,,,,LH,,,,
arat_gross_19_l,action_research_arm_test,,radio,Gross 19 Left,"0, 0 | 1, 1 | 2, 2 | 3, 3",,,,,,,,LH,,,,
arat_gross_19_r,action_research_arm_test,,radio,Gross 19 Right,"0, 0 | 1, 1 | 2, 2 | 3, 3",,,,,,,,LH,,,,
arat_sub_gross_l,action_research_arm_test,,calc,Subtotal Gross LEFT,[arat_gross_17_l]+[arat_gross_18_l]+[arat_gross_19_l],,,,,,,,,,,,
arat_sub_gross_r,action_research_arm_test,,calc,Subtotal Gross RIGHT,[arat_gross_17_r]+[arat_gross_18_r]+[arat_gross_19_r],,,,,,,,,,,,
arat_total_l,action_research_arm_test,,calc,Total ARAT Score LEFT,[arat_sub_grasp_l]+[arat_sub_grip_l]+[arat_sub_pinch_l]+[arat_sub_gross_l],,,,,,,,,,,,
arat_total_r,action_research_arm_test,,calc,Total ARAT Score RIGHT,[arat_sub_grasp_r]+[arat_sub_grip_r]+[arat_sub_pinch_r]+[arat_sub_gross_r],,,,,,,,,,,,
arat_notes,action_research_arm_test,,notes,Notes / Comments,,,,,,,,,,,,,
csi_header,caregiver_strain_index,CAREGIVER STRAIN INDEX (CSI),descriptive,I am going to read a list of things that other people have found to be difficult in helping out after a relative or friend comes home from the hospital. Would you tell me whether any of these apply to you? <b>(Give examples)</b>,,,,,,,,,,,,,
csi_1_sleep,caregiver_strain_index,,yesno,"1. Sleep is disturbed (e.g., because . . . is in and out of bed or wanders around at night)",,,,,,,,,,,,,
csi_2_inconvenient,caregiver_strain_index,,yesno,"2. It is inconvenient (e.g., because helping takes so much time or it’s a long drive over to help)",,,,,,,,,,,,,
csi_3_physical,caregiver_strain_index,,yesno,"3. It is a physical strain (e.g., because of lifting in and out of a chair; effort or concentration is required)",,,,,,,,,,,,,
csi_4_confining,caregiver_strain_index,,yesno,"4. It is confining (e.g., helping restricts free time or cannot go visiting)",,,,,,,,,,,,,
csi_5_family,caregiver_strain_index,,yesno,"5. There have been family adjustments (e.g., because helping has disrupted routine; there has been no privacy)",,,,,,,,,,,,,
csi_6_plans,caregiver_strain_index,,yesno,"6. There have been changes in personal plans (e.g., had to turn down a job; could not go on vacation)",,,,,,,,,,,,,
csi_7_time,caregiver_strain_index,,yesno,"7. There have been other demands on my time (e.g., from other family members)",,,,,,,,,,,,,
csi_8_emotional,caregiver_strain_index,,yesno,"8. There have been emotional adjustments (e.g., because of severe arguments)",,,,,,,,,,,,,
csi_9_behavior,caregiver_strain_index,,yesno,"9. Some behavior is upsetting (e.g., because of incontinence; . . . has trouble remembering things; or . . . accuses people of taking things)",,,,,,,,,,,,,
csi_10_changed,caregiver_strain_index,,yesno,"10. It is upsetting to find . . . has changed so much from his/her former self (e.g., he/she is a different person than he/she used to be)",,,,,,,,,,,,,
csi_11_work,caregiver_strain_index,,yesno,"11. There have been work adjustments (e.g., because of having to take time off)",,,,,,,,,,,,,
csi_12_financial,caregiver_strain_index,,yesno,12. It is a financial strain,,,,,,,,,,,,,
csi_13_overwhelmed,caregiver_strain_index,,yesno,"13. Feeling completely overwhelmed (e.g., because of worry about . . . ; concerns about how you will manage)",,,,,,,,,,,,,
csi_total_score,caregiver_strain_index,,calc,CSI Total Score (Count yes responses),[csi_1_sleep] + [csi_2_inconvenient] + [csi_3_physical] + [csi_4_confining] + [csi_5_family] + [csi_6_plans] + [csi_7_time] + [csi_8_emotional] + [csi_9_behavior] + [csi_10_changed] + [csi_11_work] + [csi_12_financial] + [csi_13_overwhelmed],,,,,,,,,,,,
csi_interpretation,caregiver_strain_index,,descriptive,<b>Note</b>: Any positive answer may indicate a need for intervention in that area. A score of 7 or higher indicates a high level of stress.,,,,,,,,,,,,,
fma_ue_header,fugl_meyer_assessment_ue,A. UPPER EXTREMITY - Sitting Position,descriptive,A. UPPER EXTREMITY,,,,,,,,,,,,,
fma_ue_reflex_flex,fugl_meyer_assessment_ue,I. Reflex Activity,radio,Flexors: biceps and finger flexors (at least one),"0, None (can be elicited) | 2, Reflexes present",,,,,,,,,,,,
fma_ue_reflex_ext,fugl_meyer_assessment_ue,,radio,Extensors: triceps,"0, None (can be elicited) | 2, Reflexes present",,,,,,,,,,,,
fma_ue_subtotal_i,fugl_meyer_assessment_ue,,calc,Subtotal I (max 4),[fma_ue_reflex_flex] + [fma_ue_reflex_ext],,,,,,,,,,,,
fma_ue_flex_desc,fugl_meyer_assessment_ue,II. Volitional movement within synergies,descriptive,"Flexor synergy: Hand from contralateral knee to ipsilateral ear. From extensor synergy (shoulder adduction/ internal rotation, elbow extension, forearm pronation) to flexor synergy (shoulder abduction/ external rotation, elbow flexion, forearm supination).",,,,,,,,,,,,,
fma_ue_flex_retract,fugl_meyer_assessment_ue,,radio,Shoulder retraction,"0, None | 1, Partial | 2, Full",,,,,,,,,,,,
fma_ue_flex_elev,fugl_meyer_assessment_ue,,radio,Shoulder elevation,"0, None | 1, Partial | 2, Full",,,,,,,,,,,,
fma_ue_flex_abd,fugl_meyer_assessment_ue,,radio,Shoulder abduction (90 degrees),"0, None | 1, Partial | 2, Full",,,,,,,,,,,,
fma_ue_flex_extrot,fugl_meyer_assessment_ue,,radio,Shoulder external rotation,"0, None | 1, Partial | 2, Full",,,,,,,,,,,,
fma_ue_flex_elb,fugl_meyer_assessment_ue,,radio,Elbow flexion,"0, None | 1, Partial | 2, Full",,,,,,,,,,,,
fma_ue_flex_sup,fugl_meyer_assessment_ue,,radio,Forearm supination,"0, None | 1, Partial | 2, Full",,,,,,,,,,,,
fma_ue_ext_desc,fugl_meyer_assessment_ue,,descriptive,Extensor synergy: Hand from ipsilateral ear to the contralateral knee.,,,,,,,,,,,,,
fma_ue_ext_add,fugl_meyer_assessment_ue,,radio,Shoulder adduction/internal rotation,"0, None | 1, Partial | 2, Full",,,,,,,,,,,,
fma_ue_ext_elb,fugl_meyer_assessment_ue,,radio,Elbow extension,"0, None | 1, Partial | 2, Full",,,,,,,,,,,,
fma_ue_ext_pron,fugl_meyer_assessment_ue,,radio,Forearm pronation,"0, None | 1, Partial | 2, Full",,,,,,,,,,,,
fma_ue_subtotal_ii,fugl_meyer_assessment_ue,,calc,Subtotal II (max 18),[fma_ue_flex_retract]+[fma_ue_flex_elev]+[fma_ue_flex_abd]+[fma_ue_flex_extrot]+[fma_ue_flex_elb]+[fma_ue_flex_sup]+[fma_ue_ext_add]+[fma_ue_ext_elb]+[fma_ue_ext_pron],,,,,,,,,,,,
fma_ue_mix_lumbar,fugl_meyer_assessment_ue,III. Volitional movement mixing synergies,radio,Hand to lumbar spine,"0, Cannot perform | 1, Hand behind ant-sup iliac spine | 2, Hand to lumbar spine",,,,,,,,,,,,
fma_ue_mix_flex,fugl_meyer_assessment_ue,,radio,Shoulder flexion 0-90 degrees (elbow at 0),"0, Immediate abduction/elbow flexion | 1, Abduction/elbow flexion during movement | 2, Flexion 90 deg / no abduction or elbow flexion",,,,,,,,,,,,
fma_ue_mix_prosup,fugl_meyer_assessment_ue,,radio,"Pronation-supination (elbow at 90, shoulder at 0)","0, No pron/sup / starting pos impossible | 1, Limited pron/sup / maintains start pos | 2, Full pron/sup / maintains start pos",,,,,,,,,,,,
fma_ue_subtotal_iii,fugl_meyer_assessment_ue,,calc,Subtotal III (max 6),[fma_ue_mix_lumbar] + [fma_ue_mix_flex] + [fma_ue_mix_prosup],,,,,,,,,,,,
fma_ue_vol_abd,fugl_meyer_assessment_ue,IV. Volitional movement little/no synergy,radio,"Shoulder abduction 0-90 degrees (elbow at 0, forearm pronated)","0, Immediate supination/elbow flexion | 1, Supination/elbow flexion during movement | 2, Abduction 90 deg / maintains ext & pron",,,,,,,,,,,,
fma_ue_vol_flex,fugl_meyer_assessment_ue,,radio,"Shoulder flexion 90-180 degrees (elbow at 0, pron-sup at 0)","0, Immediate abduction/elbow flexion | 1, Abduction/elbow flexion during movement | 2, Flexion 180 deg / no abduction or elbow flexion",,,,,,,,,,,,
fma_ue_vol_prosup,fugl_meyer_assessment_ue,,radio,"Pronation/supination (elbow at 0, shoulder at 30-90 flexion)","0, No pron/sup / starting pos impossible | 1, Limited pron/sup / maintains start pos | 2, Full pron/sup / maintains start pos",,,,,,,,,,,,
fma_ue_subtotal_iv,fugl_meyer_assessment_ue,,calc,Subtotal IV (max 6),[fma_ue_vol_abd] + [fma_ue_vol_flex] + [fma_ue_vol_prosup],,,,,,,,,,,,
fma_ue_norm_reflex,fugl_meyer_assessment_ue,V. Normal reflex activity,radio,Normal reflex activity (assessed only if full score of 6 in part IV),"0, 2 of 3 markedly hyperactive OR score 0 in part IV | 1, 1 reflex markedly hyperactive or >=2 lively | 2, Max 1 reflex lively / none hyperactive",,,,,,,,,,,,
fma_ue_total_a,fugl_meyer_assessment_ue,,calc,Total A (max 36),[fma_ue_subtotal_i]+[fma_ue_subtotal_ii]+[fma_ue_subtotal_iii]+[fma_ue_subtotal_iv]+[fma_ue_norm_reflex],,,,,,,,,,,,
fma_wrist_stab_15,fugl_meyer_assessment_ue,B. WRIST,radio,"Stability at 15 deg dorsiflexion (elbow 90, forearm pronated)","0, <15 deg active dorsiflexion | 1, Dorsiflexion 15 deg / no resistance tolerated | 2, Maintains dorsiflexion against resistance",,,,,,,,,,,,
fma_wrist_rep_flex,fugl_meyer_assessment_ue,,radio,"Repeated dorsiflexion / volar flexion (elbow 90, forearm pronated)","0, Cannot perform volitionally | 1, Limited active ROM | 2, Full active ROM smoothly",,,,,,,,,,,,
fma_wrist_stab_0,fugl_meyer_assessment_ue,,radio,"Stability at 15 deg dorsiflexion (elbow 0, forearm pronated)","0, <15 deg active dorsiflexion | 1, Dorsiflexion 15 deg / no resistance tolerated | 2, Maintains dorsiflexion against resistance",,,,,,,,,,,,
fma_wrist_rep_flex_0,fugl_meyer_assessment_ue,,radio,"Repeated dorsiflexion / volar flexion (elbow 0, forearm pronated)","0, Cannot perform volitionally | 1, Limited active ROM | 2, Full active ROM smoothly",,,,,,,,,,,,
fma_wrist_circum,fugl_meyer_assessment_ue,,radio,Circumduction,"0, Cannot perform volitionally | 1, Jerky movement or incomplete | 2, Complete and smooth circumduction",,,,,,,,,,,,
fma_ue_total_b,fugl_meyer_assessment_ue,,calc,Total B (max 10),[fma_wrist_stab_15]+[fma_wrist_rep_flex]+[fma_wrist_stab_0]+[fma_wrist_rep_flex_0]+[fma_wrist_circum],,,,,,,,,,,,
fma_hand_mass_flex,fugl_meyer_assessment_ue,C. HAND,radio,Mass flexion (from full extension),"0, None | 1, Partial | 2, Full",,,,,,,,,,,,
fma_hand_mass_ext,fugl_meyer_assessment_ue,,radio,Mass extension (from full flexion),"0, None | 1, Partial | 2, Full",,,,,,,,,,,,
fma_hand_grasp_a,fugl_meyer_assessment_ue,,radio,"Grasp A: Hook grasp (flexion PIP/DIP, ext MCP II-V)","0, Cannot be performed | 1, Can hold position but weak | 2, Maintains position against resistance",,,,,,,,,,,,
fma_hand_grasp_b,fugl_meyer_assessment_ue,,radio,Grasp B: Thumb adduction (hold paper),"0, Cannot be performed | 1, Can hold paper but not against tug | 2, Can hold paper against tug",,,,,,,,,,,,
fma_hand_grasp_c,fugl_meyer_assessment_ue,,radio,Grasp C: Pincer grasp (pencil),"0, Cannot be performed | 1, Can hold pencil but not against tug | 2, Can hold pencil against tug",,,,,,,,,,,,
fma_hand_grasp_d,fugl_meyer_assessment_ue,,radio,Grasp D: Cylinder grasp (small can),"0, Cannot be performed | 1, Can hold cylinder but not against tug | 2, Can hold cylinder against tug",,,,,,,,,,,,
fma_hand_grasp_e,fugl_meyer_assessment_ue,,radio,Grasp E: Spherical grasp (tennis ball),"0, Cannot be performed | 1, Can hold ball but not against tug | 2, Can hold ball against tug",,,,,,,,,,,,
fma_ue_total_c,fugl_meyer_assessment_ue,,calc,Total C (max 14),[fma_hand_mass_flex]+[fma_hand_mass_ext]+[fma_hand_grasp_a]+[fma_hand_grasp_b]+[fma_hand_grasp_c]+[fma_hand_grasp_d]+[fma_hand_grasp_e],,,,,,,,,,,,
fma_coord_tremor,fugl_meyer_assessment_ue,D. COORDINATION/SPEED,radio,Tremor,"0, Marked | 1, Slight | 2, None",,,,,,,,,,,,
fma_coord_dysmetria,fugl_meyer_assessment_ue,,radio,Dysmetria,"0, Pronounced or unsystematic | 1, Slight and systematic | 2, No dysmetria",,,,,,,,,,,,
fma_coord_time,fugl_meyer_assessment_ue,,radio,Time (compared to unaffected side),"0, >=6 sec slower | 1, 2-5 sec slower | 2, <2 sec difference",,,,,,,,,,,,
fma_ue_total_d,fugl_meyer_assessment_ue,,calc,Total D (max 6),[fma_coord_tremor]+[fma_coord_dysmetria]+[fma_coord_time],,,,,,,,,,,,
fma_ue_total_motor,fugl_meyer_assessment_ue,,calc,TOTAL A-D (Motor Function max 66),[fma_ue_total_a]+[fma_ue_total_b]+[fma_ue_total_c]+[fma_ue_total_d],,,,,,,,,,,,
fma_sens_light_up,fugl_meyer_assessment_ue,H. SENSATION,radio,Light touch: upper arm/forearm,"0, Anesthesia | 1, Hypoesthesia/dysesthesia | 2, Normal",,,,,,,,,,,,
fma_sens_light_palm,fugl_meyer_assessment_ue,,radio,Light touch: palm,"0, Anesthesia | 1, Hypoesthesia/dysesthesia | 2, Normal",,,,,,,,,,,,
fma_sens_pos_sh,fugl_meyer_assessment_ue,,radio,Position: shoulder,"0, Absence / <3/4 correct | 1, 3/4 correct / considerable diff | 2, Correct 100% / little or no diff",,,,,,,,,,,,
fma_sens_pos_elb,fugl_meyer_assessment_ue,,radio,Position: elbow,"0, Absence / <3/4 correct | 1, 3/4 correct / considerable diff | 2, Correct 100% / little or no diff",,,,,,,,,,,,
fma_sens_pos_wrist,fugl_meyer_assessment_ue,,radio,Position: wrist,"0, Absence / <3/4 correct | 1, 3/4 correct / considerable diff | 2, Correct 100% / little or no diff",,,,,,,,,,,,
fma_sens_pos_thumb,fugl_meyer_assessment_ue,,radio,Position: thumb (IP-joint),"0, Absence / <3/4 correct | 1, 3/4 correct / considerable diff | 2, Correct 100% / little or no diff",,,,,,,,,,,,
fma_ue_total_h,fugl_meyer_assessment_ue,,calc,Total H (Sensation max 12),[fma_sens_light_up]+[fma_sens_light_palm]+[fma_sens_pos_sh]+[fma_sens_pos_elb]+[fma_sens_pos_wrist]+[fma_sens_pos_thumb],,,,,,,,,,,,
fma_joint_flex,fugl_meyer_assessment_ue,J. PASSIVE JOINT MOTION,radio,Shoulder Flexion (0-180),"0, Few degrees | 1, Decreased | 2, Normal",,,,,,,,,,,,
fma_joint_abd,fugl_meyer_assessment_ue,,radio,Shoulder Abduction (0-90),"0, Few degrees | 1, Decreased | 2, Normal",,,,,,,,,,,,
fma_joint_ext_rot,fugl_meyer_assessment_ue,,radio,Shoulder Ext rotation,"0, Few degrees | 1, Decreased | 2, Normal",,,,,,,,,,,,
fma_joint_int_rot,fugl_meyer_assessment_ue,,radio,Shoulder Int rotation,"0, Few degrees | 1, Decreased | 2, Normal",,,,,,,,,,,,
fma_joint_elb_flex,fugl_meyer_assessment_ue,,radio,Elbow Flexion,"0, Few degrees | 1, Decreased | 2, Normal",,,,,,,,,,,,
fma_joint_elb_ext,fugl_meyer_assessment_ue,,radio,Elbow Extension,"0, Few degrees | 1, Decreased | 2, Normal",,,,,,,,,,,,
fma_joint_pron,fugl_meyer_assessment_ue,,radio,Forearm Pronation,"0, Few degrees | 1, Decreased | 2, Normal",,,,,,,,,,,,
fma_joint_sup,fugl_meyer_assessment_ue,,radio,Forearm Supination,"0, Few degrees | 1, Decreased | 2, Normal",,,,,,,,,,,,
fma_joint_wrist_flex,fugl_meyer_assessment_ue,,radio,Wrist Flexion,"0, Few degrees | 1, Decreased | 2, Normal",,,,,,,,,,,,
fma_joint_wrist_ext,fugl_meyer_assessment_ue,,radio,Wrist Extension,"0, Few degrees | 1, Decreased | 2, Normal",,,,,,,,,,,,
fma_joint_fing_flex,fugl_meyer_assessment_ue,,radio,Fingers Flexion,"0, Few degrees | 1, Decreased | 2, Normal",,,,,,,,,,,,
fma_joint_fing_ext,fugl_meyer_assessment_ue,,radio,Fingers Extension,"0, Few degrees | 1, Decreased | 2, Normal",,,,,,,,,,,,
fma_ue_total_j_motion,fugl_meyer_assessment_ue,,calc,Total J Motion (max 24),[fma_joint_flex]+[fma_joint_abd]+[fma_joint_ext_rot]+[fma_joint_int_rot]+[fma_joint_elb_flex]+[fma_joint_elb_ext]+[fma_joint_pron]+[fma_joint_sup]+[fma_joint_wrist_flex]+[fma_joint_wrist_ext]+[fma_joint_fing_flex]+[fma_joint_fing_ext],,,,,,,,,,,,
fma_pain_flex,fugl_meyer_assessment_ue,J. JOINT PAIN,radio,Pain: Shoulder Flexion,"0, Pronounced pain / marked | 1, Some pain | 2, No pain",,,,,,,,,,,,
fma_pain_abd,fugl_meyer_assessment_ue,,radio,Pain: Shoulder Abduction,"0, Pronounced pain / marked | 1, Some pain | 2, No pain",,,,,,,,,,,,
fma_pain_ext_rot,fugl_meyer_assessment_ue,,radio,Pain: Shoulder Ext rotation,"0, Pronounced pain / marked | 1, Some pain | 2, No pain",,,,,,,,,,,,
fma_pain_int_rot,fugl_meyer_assessment_ue,,radio,Pain: Shoulder Int rotation,"0, Pronounced pain / marked | 1, Some pain | 2, No pain",,,,,,,,,,,,
fma_pain_elb_flex,fugl_meyer_assessment_ue,,radio,Pain: Elbow Flexion,"0, Pronounced pain / marked | 1, Some pain | 2, No pain",,,,,,,,,,,,
fma_pain_elb_ext,fugl_meyer_assessment_ue,,radio,Pain: Elbow Extension,"0, Pronounced pain / marked | 1, Some pain | 2, No pain",,,,,,,,,,,,
fma_pain_pron,fugl_meyer_assessment_ue,,radio,Pain: Forearm Pronation,"0, Pronounced pain / marked | 1, Some pain | 2, No pain",,,,,,,,,,,,
fma_pain_sup,fugl_meyer_assessment_ue,,radio,Pain: Forearm Supination,"0, Pronounced pain / marked | 1, Some pain | 2, No pain",,,,,,,,,,,,
fma_pain_wrist_flex,fugl_meyer_assessment_ue,,radio,Pain: Wrist Flexion,"0, Pronounced pain / marked | 1, Some pain | 2, No pain",,,,,,,,,,,,
fma_pain_wrist_ext,fugl_meyer_assessment_ue,,radio,Pain: Wrist Extension,"0, Pronounced pain / marked | 1, Some pain | 2, No pain",,,,,,,,,,,,
fma_pain_fing_flex,fugl_meyer_assessment_ue,,radio,Pain: Fingers Flexion,"0, Pronounced pain / marked | 1, Some pain | 2, No pain",,,,,,,,,,,,
fma_pain_fing_ext,fugl_meyer_assessment_ue,,radio,Pain: Fingers Extension,"0, Pronounced pain / marked | 1, Some pain | 2, No pain",,,,,,,,,,,,
fma_ue_total_j_pain,fugl_meyer_assessment_ue,,calc,Total J Pain (max 24),[fma_pain_flex]+[fma_pain_abd]+[fma_pain_ext_rot]+[fma_pain_int_rot]+[fma_pain_elb_flex]+[fma_pain_elb_ext]+[fma_pain_pron]+[fma_pain_sup]+[fma_pain_wrist_flex]+[fma_pain_wrist_ext]+[fma_pain_fing_flex]+[fma_pain_fing_ext],,,,,,,,,,,,
mal_scoring_as,motor_activity_log,SCORING SCALES,descriptive,"<b>Amount Scale (AS)</b>:<br>0 - Did not use my weaker arm (not used).<br>.5<br>1 - Occasionally used my weaker arm, but only very rarely (very rarely).<br>1.5<br>2 - Sometimes used my weaker arm but did the activity most of the time with my stronger arm (rarely).<br>2.5<br>3 - Used my weaker arm about half as much as before the stroke (half pre-stroke).<br>3.5<br>4 - Used my weaker arm almost as much as before the stroke (3/4 pre-stroke).<br>4.5<br>5 - Used my weaker arm as often as before the stroke (same as pre-stroke).",,,,,,,,,,,,,
mal_scoring_hw,motor_activity_log,,descriptive,"<b>How Well Scale (HW)</b>:<br>0 - The weaker arm was not used at all for that activity (never).<br>.5<br>1 - The weaker arm was moved during that activity but was not helpful (very poor).<br>1.5<br>2 - The weaker arm was of some use during that activity but needed some help from the stronger arm or moved very slowly or with difficulty (poor).<br>2.5<br>3 - The weaker arm was used for the purpose indicated but movements were slow or were made with only some effort (fair).<br>3.5<br>4 - The movements made by the weaker arm were almost normal, but were not quite as fast or accurate as normal (almost normal).<br>4.5<br>5 - The ability to use the weaker arm for that activity was as good as before the stroke (normal).",,,,,,,,,,,,,
mal_why_codes,motor_activity_log,,descriptive,<b>Codes for recording “no” responses</b>:<br>1. “I used the unaffected arm entirely.” (assign “0”).<br>2. “Someone else did it for me.” (assign “0”).<br>3. “I never do that activity... impossible (e.g. bald)” (assign “N/A” and drop from list).<br>4. “Opportunity not present since last time” (carry-over last assigned number).<br>5. Non-dominant hand hemiparesis (applicable to #24; assign “N/A”).,,,,,,,,,,,,,
mal_table_1_5,motor_activity_log,TASKS 1-5,descriptive,<table border='1' style='width:100%; border-collapse: collapse; table-layout: fixed;'><tr style='background-color: #f2f2f2;'><th style='width:31%; padding: 5px;'>Task</th><th style='width:12%; padding: 5px;'>AS (0-5)</th><th style='width:12%; padding: 5px;'>HW (0-5)</th><th style='width:12%; padding: 5px;'>Code (1-5)</th><th style='width:33%; padding: 5px;'>Comments</th></tr><tr><td style='padding: 5px;'>1. Using a telephone</td><td style='padding: 5px;'>{mal_as_1}</td><td style='padding: 5px;'>{mal_hw_1}</td><td style='padding: 5px;'>{mal_why_1}</td><td style='padding: 5px;'>{mal_comm_1}</td></tr><tr><td style='padding: 5px;'>2. Turning on a light switch</td><td style='padding: 5px;'>{mal_as_2}</td><td style='padding: 5px;'>{mal_hw_2}</td><td style='padding: 5px;'>{mal_why_2}</td><td style='padding: 5px;'>{mal_comm_2}</td></tr><tr><td style='padding: 5px;'>3. Opening a drawer</td><td style='padding: 5px;'>{mal_as_3}</td><td style='padding: 5px;'>{mal_hw_3}</td><td style='padding: 5px;'>{mal_why_3}</td><td style='padding: 5px;'>{mal_comm_3}</td></tr><tr><td style='padding: 5px;'>4. Removing item from drawer</td><td style='padding: 5px;'>{mal_as_4}</td><td style='padding: 5px;'>{mal_hw_4}</td><td style='padding: 5px;'>{mal_why_4}</td><td style='padding: 5px;'>{mal_comm_4}</td></tr><tr><td style='padding: 5px;'>5. Picking up a telephone</td><td style='padding: 5px;'>{mal_as_5}</td><td style='padding: 5px;'>{mal_hw_5}</td><td style='padding: 5px;'>{mal_why_5}</td><td style='padding: 5px;'>{mal_comm_5}</td></tr></table>,,,,,,,,,,,,,
mal_as_1,motor_activity_log,,text,AS 1,,,number,0,5,,,,,,,,
mal_hw_1,motor_activity_log,,text,HW 1,,,number,0,5,,,,,,,,
mal_why_1,motor_activity_log,,text,Why 1,,,int,1,5,,,,,,,,
mal_comm_1,motor_activity_log,,text,Comm 1,,,,,,,,,,,,,
mal_as_2,motor_activity_log,,text,AS 2,,,number,0,5,,,,,,,,
mal_hw_2,motor_activity_log,,text,HW 2,,,number,0,5,,,,,,,,
mal_why_2,motor_activity_log,,text,Why 2,,,int,1,5,,,,,,,,
mal_comm_2,motor_activity_log,,text,Comm 2,,,,,,,,,,,,,
mal_as_3,motor_activity_log,,text,AS 3,,,number,0,5,,,,,,,,
mal_hw_3,motor_activity_log,,text,HW 3,,,number,0,5,,,,,,,,
mal_why_3,motor_activity_log,,text,Why 3,,,int,1,5,,,,,,,,
mal_comm_3,motor_activity_log,,text,Comm 3,,,,,,,,,,,,,
mal_as_4,motor_activity_log,,text,AS 4,,,number,0,5,,,,,,,,
mal_hw_4,motor_activity_log,,text,HW 4,,,number,0,5,,,,,,,,
mal_why_4,motor_activity_log,,text,Why 4,,,int,1,5,,,,,,,,
mal_comm_4,motor_activity_log,,text,Comm 4,,,,,,,,,,,,,
mal_as_5,motor_activity_log,,text,AS 5,,,number,0,5,,,,,,,,
mal_hw_5,motor_activity_log,,text,HW 5,,,number,0,5,,,,,,,,
mal_why_5,motor_activity_log,,text,Why 5,,,int,1,5,,,,,,,,
mal_comm_5,motor_activity_log,,text,Comm 5,,,,,,,,,,,,,
mal_table_6_10,motor_activity_log,TASKS 6-10,descriptive,<table border='1' style='width:100%; border-collapse: collapse; table-layout: fixed;'><tr style='background-color: #f2f2f2;'><th style='width:31%; padding: 5px;'>Task</th><th style='width:12%; padding: 5px;'>AS (0-5)</th><th style='width:12%; padding: 5px;'>HW (0-5)</th><th style='width:12%; padding: 5px;'>Code (1-5)</th><th style='width:33%; padding: 5px;'>Comments</th></tr><tr><td style='padding: 5px;'>6. Wiping off a table</td><td style='padding: 5px;'>{mal_as_6}</td><td style='padding: 5px;'>{mal_hw_6}</td><td style='padding: 5px;'>{mal_why_6}</td><td style='padding: 5px;'>{mal_comm_6}</td></tr><tr><td style='padding: 5px;'>7. Opening a refrigerator</td><td style='padding: 5px;'>{mal_as_7}</td><td style='padding: 5px;'>{mal_hw_7}</td><td style='padding: 5px;'>{mal_why_7}</td><td style='padding: 5px;'>{mal_comm_7}</td></tr><tr><td style='padding: 5px;'>8. Move object shelf to shelf</td><td style='padding: 5px;'>{mal_as_8}</td><td style='padding: 5px;'>{mal_hw_8}</td><td style='padding: 5px;'>{mal_why_8}</td><td style='padding: 5px;'>{mal_comm_8}</td></tr><tr><td style='padding: 5px;'>9. Picking up a cup</td><td style='padding: 5px;'>{mal_as_9}</td><td style='padding: 5px;'>{mal_hw_9}</td><td style='padding: 5px;'>{mal_why_9}</td><td style='padding: 5px;'>{mal_comm_9}</td></tr><tr><td style='padding: 5px;'>10. Drinking from a cup</td><td style='padding: 5px;'>{mal_as_10}</td><td style='padding: 5px;'>{mal_hw_10}</td><td style='padding: 5px;'>{mal_why_10}</td><td style='padding: 5px;'>{mal_comm_10}</td></tr></table>,,,,,,,,,,,,,
mal_as_6,motor_activity_log,,text,AS 6,,,number,0,5,,,,,,,,
mal_hw_6,motor_activity_log,,text,HW 6,,,number,0,5,,,,,,,,
mal_why_6,motor_activity_log,,text,Why 6,,,int,1,5,,,,,,,,
mal_comm_6,motor_activity_log,,text,Comm 6,,,,,,,,,,,,,
mal_as_7,motor_activity_log,,text,AS 7,,,number,0,5,,,,,,,,
mal_hw_7,motor_activity_log,,text,HW 7,,,number,0,5,,,,,,,,
mal_why_7,motor_activity_log,,text,Why 7,,,int,1,5,,,,,,,,
mal_comm_7,motor_activity_log,,text,Comm 7,,,,,,,,,,,,,
mal_as_8,motor_activity_log,,text,AS 8,,,number,0,5,,,,,,,,
mal_hw_8,motor_activity_log,,text,HW 8,,,number,0,5,,,,,,,,
mal_why_8,motor_activity_log,,text,Why 8,,,int,1,5,,,,,,,,
mal_comm_8,motor_activity_log,,text,Comm 8,,,,,,,,,,,,,
mal_as_9,motor_activity_log,,text,AS 9,,,number,0,5,,,,,,,,
mal_hw_9,motor_activity_log,,text,HW 9,,,number,0,5,,,,,,,,
mal_why_9,motor_activity_log,,text,Why 9,,,int,1,5,,,,,,,,
mal_comm_9,motor_activity_log,,text,Comm 9,,,,,,,,,,,,,
mal_as_10,motor_activity_log,,text,AS 10,,,number,0,5,,,,,,,,
mal_hw_10,motor_activity_log,,text,HW 10,,,number,0,5,,,,,,,,
mal_why_10,motor_activity_log,,text,Why 10,,,int,1,5,,,,,,,,
mal_comm_10,motor_activity_log,,text,Comm 10,,,,,,,,,,,,,
mal_table_11_15,motor_activity_log,TASKS 11-15,descriptive,<table border='1' style='width:100%; border-collapse: collapse; table-layout: fixed;'><tr style='background-color: #f2f2f2;'><th style='width:31%; padding: 5px;'>Task</th><th style='width:12%; padding: 5px;'>AS (0-5)</th><th style='width:12%; padding: 5px;'>HW (0-5)</th><th style='width:12%; padding: 5px;'>Code (1-5)</th><th style='width:33%; padding: 5px;'>Comments</th></tr><tr><td style='padding: 5px;'>11. Picking up fork or spoon</td><td style='padding: 5px;'>{mal_as_11}</td><td style='padding: 5px;'>{mal_hw_11}</td><td style='padding: 5px;'>{mal_why_11}</td><td style='padding: 5px;'>{mal_comm_11}</td></tr><tr><td style='padding: 5px;'>12. Eating with fork or spoon</td><td style='padding: 5px;'>{mal_as_12}</td><td style='padding: 5px;'>{mal_hw_12}</td><td style='padding: 5px;'>{mal_why_12}</td><td style='padding: 5px;'>{mal_comm_12}</td></tr><tr><td style='padding: 5px;'>13. Combing hair</td><td style='padding: 5px;'>{mal_as_13}</td><td style='padding: 5px;'>{mal_hw_13}</td><td style='padding: 5px;'>{mal_why_13}</td><td style='padding: 5px;'>{mal_comm_13}</td></tr><tr><td style='padding: 5px;'>14. Brushing teeth</td><td style='padding: 5px;'>{mal_as_14}</td><td style='padding: 5px;'>{mal_hw_14}</td><td style='padding: 5px;'>{mal_why_14}</td><td style='padding: 5px;'>{mal_comm_14}</td></tr><tr><td style='padding: 5px;'>15. Shaving or applying makeup</td><td style='padding: 5px;'>{mal_as_15}</td><td style='padding: 5px;'>{mal_hw_15}</td><td style='padding: 5px;'>{mal_why_15}</td><td style='padding: 5px;'>{mal_comm_15}</td></tr></table>,,,,,,,,,,,,,
mal_as_11,motor_activity_log,,text,AS 11,,,number,0,5,,,,,,,,
mal_hw_11,motor_activity_log,,text,HW 11,,,number,0,5,,,,,,,,
mal_why_11,motor_activity_log,,text,Why 11,,,int,1,5,,,,,,,,
mal_comm_11,motor_activity_log,,text,Comm 11,,,,,,,,,,,,,
mal_as_12,motor_activity_log,,text,AS 12,,,number,0,5,,,,,,,,
mal_hw_12,motor_activity_log,,text,HW 12,,,number,0,5,,,,,,,,
mal_why_12,motor_activity_log,,text,Why 12,,,int,1,5,,,,,,,,
mal_comm_12,motor_activity_log,,text,Comm 12,,,,,,,,,,,,,
mal_as_13,motor_activity_log,,text,AS 13,,,number,0,5,,,,,,,,
mal_hw_13,motor_activity_log,,text,HW 13,,,number,0,5,,,,,,,,
mal_why_13,motor_activity_log,,text,Why 13,,,int,1,5,,,,,,,,
mal_comm_13,motor_activity_log,,text,Comm 13,,,,,,,,,,,,,
mal_as_14,motor_activity_log,,text,AS 14,,,number,0,5,,,,,,,,
mal_hw_14,motor_activity_log,,text,HW 14,,,number,0,5,,,,,,,,
mal_why_14,motor_activity_log,,text,Why 14,,,int,1,5,,,,,,,,
mal_comm_14,motor_activity_log,,text,Comm 14,,,,,,,,,,,,,
mal_as_15,motor_activity_log,,text,AS 15,,,number,0,5,,,,,,,,
mal_hw_15,motor_activity_log,,text,HW 15,,,number,0,5,,,,,,,,
mal_why_15,motor_activity_log,,text,Why 15,,,int,1,5,,,,,,,,
mal_comm_15,motor_activity_log,,text,Comm 15,,,,,,,,,,,,,
mal_table_16_20,motor_activity_log,TASKS 16-20,descriptive,<table border='1' style='width:100%; border-collapse: collapse; table-layout: fixed;'><tr style='background-color: #f2f2f2;'><th style='width:31%; padding: 5px;'>Task</th><th style='width:12%; padding: 5px;'>AS (0-5)</th><th style='width:12%; padding: 5px;'>HW (0-5)</th><th style='width:12%; padding: 5px;'>Code (1-5)</th><th style='width:33%; padding: 5px;'>Comments</th></tr><tr><td style='padding: 5px;'>16. Use washcloth to bathe</td><td style='padding: 5px;'>{mal_as_16}</td><td style='padding: 5px;'>{mal_hw_16}</td><td style='padding: 5px;'>{mal_why_16}</td><td style='padding: 5px;'>{mal_comm_16}</td></tr><tr><td style='padding: 5px;'>17. Drying hands</td><td style='padding: 5px;'>{mal_as_17}</td><td style='padding: 5px;'>{mal_hw_17}</td><td style='padding: 5px;'>{mal_why_17}</td><td style='padding: 5px;'>{mal_comm_17}</td></tr><tr><td style='padding: 5px;'>18. Drying face</td><td style='padding: 5px;'>{mal_as_18}</td><td style='padding: 5px;'>{mal_hw_18}</td><td style='padding: 5px;'>{mal_why_18}</td><td style='padding: 5px;'>{mal_comm_18}</td></tr><tr><td style='padding: 5px;'>19. Put on shirt or jacket</td><td style='padding: 5px;'>{mal_as_19}</td><td style='padding: 5px;'>{mal_hw_19}</td><td style='padding: 5px;'>{mal_why_19}</td><td style='padding: 5px;'>{mal_comm_19}</td></tr><tr><td style='padding: 5px;'>20. Pulling on pants</td><td style='padding: 5px;'>{mal_as_20}</td><td style='padding: 5px;'>{mal_hw_20}</td><td style='padding: 5px;'>{mal_why_20}</td><td style='padding: 5px;'>{mal_comm_20}</td></tr></table>,,,,,,,,,,,,,
mal_as_16,motor_activity_log,,text,AS 16,,,number,0,5,,,,,,,,
mal_hw_16,motor_activity_log,,text,HW 16,,,number,0,5,,,,,,,,
mal_why_16,motor_activity_log,,text,Why 16,,,int,1,5,,,,,,,,
mal_comm_16,motor_activity_log,,text,Comm 16,,,,,,,,,,,,,
mal_as_17,motor_activity_log,,text,AS 17,,,number,0,5,,,,,,,,
mal_hw_17,motor_activity_log,,text,HW 17,,,number,0,5,,,,,,,,
mal_why_17,motor_activity_log,,text,Why 17,,,int,1,5,,,,,,,,
mal_comm_17,motor_activity_log,,text,Comm 17,,,,,,,,,,,,,
mal_as_18,motor_activity_log,,text,AS 18,,,number,0,5,,,,,,,,
mal_hw_18,motor_activity_log,,text,HW 18,,,number,0,5,,,,,,,,
mal_why_18,motor_activity_log,,text,Why 18,,,int,1,5,,,,,,,,
mal_comm_18,motor_activity_log,,text,Comm 18,,,,,,,,,,,,,
mal_as_19,motor_activity_log,,text,AS 19,,,number,0,5,,,,,,,,
mal_hw_19,motor_activity_log,,text,HW 19,,,number,0,5,,,,,,,,
mal_why_19,motor_activity_log,,text,Why 19,,,int,1,5,,,,,,,,
mal_comm_19,motor_activity_log,,text,Comm 19,,,,,,,,,,,,,
mal_as_20,motor_activity_log,,text,AS 20,,,number,0,5,,,,,,,,
mal_hw_20,motor_activity_log,,text,HW 20,,,number,0,5,,,,,,,,
mal_why_20,motor_activity_log,,text,Why 20,,,int,1,5,,,,,,,,
mal_comm_20,motor_activity_log,,text,Comm 20,,,,,,,,,,,,,
mal_table_21_25,motor_activity_log,TASKS 21-25,descriptive,<table border='1' style='width:100%; border-collapse: collapse; table-layout: fixed;'><tr style='background-color: #f2f2f2;'><th style='width:31%; padding: 5px;'>Task</th><th style='width:12%; padding: 5px;'>AS (0-5)</th><th style='width:12%; padding: 5px;'>HW (0-5)</th><th style='width:12%; padding: 5px;'>Code (1-5)</th><th style='width:33%; padding: 5px;'>Comments</th></tr><tr><td style='padding: 5px;'>21. Putting on shoes</td><td style='padding: 5px;'>{mal_as_21}</td><td style='padding: 5px;'>{mal_hw_21}</td><td style='padding: 5px;'>{mal_why_21}</td><td style='padding: 5px;'>{mal_comm_21}</td></tr><tr><td style='padding: 5px;'>22. Putting on socks</td><td style='padding: 5px;'>{mal_as_22}</td><td style='padding: 5px;'>{mal_hw_22}</td><td style='padding: 5px;'>{mal_why_22}</td><td style='padding: 5px;'>{mal_comm_22}</td></tr><tr><td style='padding: 5px;'>23. Using a key in a lock</td><td style='padding: 5px;'>{mal_as_23}</td><td style='padding: 5px;'>{mal_hw_23}</td><td style='padding: 5px;'>{mal_why_23}</td><td style='padding: 5px;'>{mal_comm_23}</td></tr><tr><td style='padding: 5px;'>24. Turning a door knob</td><td style='padding: 5px;'>{mal_as_24}</td><td style='padding: 5px;'>{mal_hw_24}</td><td style='padding: 5px;'>{mal_why_24}</td><td style='padding: 5px;'>{mal_comm_24}</td></tr><tr><td style='padding: 5px;'>25. Typing on a keyboard</td><td style='padding: 5px;'>{mal_as_25}</td><td style='padding: 5px;'>{mal_hw_25}</td><td style='padding: 5px;'>{mal_why_25}</td><td style='padding: 5px;'>{mal_comm_25}</td></tr></table>,,,,,,,,,,,,,
mal_as_21,motor_activity_log,,text,AS 21,,,number,0,5,,,,,,,,
mal_hw_21,motor_activity_log,,text,HW 21,,,number,0,5,,,,,,,,
mal_why_21,motor_activity_log,,text,Why 21,,,int,1,5,,,,,,,,
mal_comm_21,motor_activity_log,,text,Comm 21,,,,,,,,,,,,,
mal_as_22,motor_activity_log,,text,AS 22,,,number,0,5,,,,,,,,
mal_hw_22,motor_activity_log,,text,HW 22,,,number,0,5,,,,,,,,
mal_why_22,motor_activity_log,,text,Why 22,,,int,1,5,,,,,,,,
mal_comm_22,motor_activity_log,,text,Comm 22,,,,,,,,,,,,,
mal_as_23,motor_activity_log,,text,AS 23,,,number,0,5,,,,,,,,
mal_hw_23,motor_activity_log,,text,HW 23,,,number,0,5,,,,,,,,
mal_why_23,motor_activity_log,,text,Why 23,,,int,1,5,,,,,,,,
mal_comm_23,motor_activity_log,,text,Comm 23,,,,,,,,,,,,,
mal_as_24,motor_activity_log,,text,AS 24,,,number,0,5,,,,,,,,
mal_hw_24,motor_activity_log,,text,HW 24,,,number,0,5,,,,,,,,
mal_why_24,motor_activity_log,,text,Why 24,,,int,1,5,,,,,,,,
mal_comm_24,motor_activity_log,,text,Comm 24,,,,,,,,,,,,,
mal_as_25,motor_activity_log,,text,AS 25,,,number,0,5,,,,,,,,
mal_hw_25,motor_activity_log,,text,HW 25,,,number,0,5,,,,,,,,
mal_why_25,motor_activity_log,,text,Why 25,,,int,1,5,,,,,,,,
mal_comm_25,motor_activity_log,,text,Comm 25,,,,,,,,,,,,,
mal_table_26_30,motor_activity_log,TASKS 26-30,descriptive,<table border='1' style='width:100%; border-collapse: collapse; table-layout: fixed;'><tr style='background-color: #f2f2f2;'><th style='width:31%; padding: 5px;'>Task</th><th style='width:12%; padding: 5px;'>AS (0-5)</th><th style='width:12%; padding: 5px;'>HW (0-5)</th><th style='width:12%; padding: 5px;'>Code (1-5)</th><th style='width:33%; padding: 5px;'>Comments</th></tr><tr><td style='padding: 5px;'>26. Writing with pen or pencil</td><td style='padding: 5px;'>{mal_as_26}</td><td style='padding: 5px;'>{mal_hw_26}</td><td style='padding: 5px;'>{mal_why_26}</td><td style='padding: 5px;'>{mal_comm_26}</td></tr><tr><td style='padding: 5px;'>27. Using a remote control</td><td style='padding: 5px;'>{mal_as_27}</td><td style='padding: 5px;'>{mal_hw_27}</td><td style='padding: 5px;'>{mal_why_27}</td><td style='padding: 5px;'>{mal_comm_27}</td></tr><tr><td style='padding: 5px;'>28. Using a computer mouse</td><td style='padding: 5px;'>{mal_as_28}</td><td style='padding: 5px;'>{mal_hw_28}</td><td style='padding: 5px;'>{mal_why_28}</td><td style='padding: 5px;'>{mal_comm_28}</td></tr><tr><td style='padding: 5px;'>29. Lifting a bag</td><td style='padding: 5px;'>{mal_as_29}</td><td style='padding: 5px;'>{mal_hw_29}</td><td style='padding: 5px;'>{mal_why_29}</td><td style='padding: 5px;'>{mal_comm_29}</td></tr><tr><td style='padding: 5px;'>30. Carrying an object</td><td style='padding: 5px;'>{mal_as_30}</td><td style='padding: 5px;'>{mal_hw_30}</td><td style='padding: 5px;'>{mal_why_30}</td><td style='padding: 5px;'>{mal_comm_30}</td></tr></table>,,,,,,,,,,,,,
mal_as_26,motor_activity_log,,text,AS 26,,,number,0,5,,,,,,,,
mal_hw_26,motor_activity_log,,text,HW 26,,,number,0,5,,,,,,,,
mal_why_26,motor_activity_log,,text,Why 26,,,int,1,5,,,,,,,,
mal_comm_26,motor_activity_log,,text,Comm 26,,,,,,,,,,,,,
mal_as_27,motor_activity_log,,text,AS 27,,,number,0,5,,,,,,,,
mal_hw_27,motor_activity_log,,text,HW 27,,,number,0,5,,,,,,,,
mal_why_27,motor_activity_log,,text,Why 27,,,int,1,5,,,,,,,,
mal_comm_27,motor_activity_log,,text,Comm 27,,,,,,,,,,,,,
mal_as_28,motor_activity_log,,text,AS 28,,,number,0,5,,,,,,,,
mal_hw_28,motor_activity_log,,text,HW 28,,,number,0,5,,,,,,,,
mal_why_28,motor_activity_log,,text,Why 28,,,int,1,5,,,,,,,,
mal_comm_28,motor_activity_log,,text,Comm 28,,,,,,,,,,,,,
mal_as_29,motor_activity_log,,text,AS 29,,,number,0,5,,,,,,,,
mal_hw_29,motor_activity_log,,text,HW 29,,,number,0,5,,,,,,,,
mal_why_29,motor_activity_log,,text,Why 29,,,int,1,5,,,,,,,,
mal_comm_29,motor_activity_log,,text,Comm 29,,,,,,,,,,,,,
mal_as_30,motor_activity_log,,text,AS 30,,,number,0,5,,,,,,,,
mal_hw_30,motor_activity_log,,text,HW 30,,,number,0,5,,,,,,,,
mal_why_30,motor_activity_log,,text,Why 30,,,int,1,5,,,,,,,,
mal_comm_30,motor_activity_log,,text,Comm 30,,,,,,,,,,,,,
mal_mean_as,motor_activity_log,,calc,Mean Amount Score,([mal_as_1]+[mal_as_2]+[mal_as_3]+[mal_as_4]+[mal_as_5]+[mal_as_6]+[mal_as_7]+[mal_as_8]+[mal_as_9]+[mal_as_10]+[mal_as_11]+[mal_as_12]+[mal_as_13]+[mal_as_14]+[mal_as_15]+[mal_as_16]+[mal_as_17]+[mal_as_18]+[mal_as_19]+[mal_as_20]+[mal_as_21]+[mal_as_22]+[mal_as_23]+[mal_as_24]+[mal_as_25]+[mal_as_26]+[mal_as_27]+[mal_as_28]+[mal_as_29]+[mal_as_30]) / 30,,,,,,,,,,,,
mal_mean_hw,motor_activity_log,,calc,Mean How Well Score,([mal_hw_1]+[mal_hw_2]+[mal_hw_3]+[mal_hw_4]+[mal_hw_5]+[mal_hw_6]+[mal_hw_7]+[mal_hw_8]+[mal_hw_9]+[mal_hw_10]+[mal_hw_11]+[mal_hw_12]+[mal_hw_13]+[mal_hw_14]+[mal_hw_15]+[mal_hw_16]+[mal_hw_17]+[mal_hw_18]+[mal_hw_19]+[mal_hw_20]+[mal_hw_21]+[mal_hw_22]+[mal_hw_23]+[mal_hw_24]+[mal_hw_25]+[mal_hw_26]+[mal_hw_27]+[mal_hw_28]+[mal_hw_29]+[mal_hw_30]) / 30,,,,,,,,,,,,
mal_final_notes,motor_activity_log,,notes,Final Observer Notes,,,,,,,,,,,,,
mrs_score,modified_rankin_scale,MODIFIED RANKIN SCALE (mRS),radio,Modified Rankin Scale (mRS) Score,"0, 0 - No symptoms at all | 1, 1 - No significant disability despite symptoms; able to carry out all usual duties and activities | 2, 2 - Slight disability; unable to carry out all previous activities, but able to look after own affairs without assistance | 3, 3 - Moderate disability; requiring some help, but able to walk without assistance | 4, 4 - Moderately severe disability; unable to walk without assistance and unable to attend to own bodily needs without assistance | 5, 5 - Severe disability; bedridden, incontinent and requiring constant nursing care and attention | 6, 6 - Dead",,,,,,,,,,,,
